,KeggID,REFERENCE
0,gn:T02091,PMID:22003892
1,gn:T02092,PMID:21270894
2,gn:T02093,PMID:22123755
3,gn:T02094,PMID:21987657
4,gn:T02095,
5,gn:T02096,
6,gn:T02097,PMID:21622741
7,gn:T02098,PMID:21803841
8,gn:T02099,PMID:19115014
9,gn:T02100,PMID:19820099
10,gn:T02101,PMID:22075923
11,gn:T02102,PMID:21611185
12,gn:T02103,PMID:22038969
13,gn:T02104,PMID:22075923
14,gn:T02105,
15,gn:T02106,PMID:21677850
16,gn:T02107,PMID:22628503
17,gn:T02108,PMID:23357245
18,gn:T02109,PMID:22843586
19,gn:T02110,PMID:22843575
20,gn:T02111,PMID:22843577
21,gn:T02112,PMID:23131096
22,gn:T02113,PMID:22815454
23,gn:T02114,PMID:22792073
24,gn:T02115,PMID:22529932
25,gn:T02116,PMID:22843572
26,gn:T02117,PMID:21914874
27,gn:T02118,PMID:23201561
28,gn:T02119,PMID:22843579
29,gn:T02120,PMID:22769602
30,gn:T02121,PMID:20047678
31,gn:T02122,PMID:22558360
32,gn:T02123,PMID:22798451
33,gn:T02124,PMID:22843576
34,gn:T02125,PMID:22026465
35,gn:T02126,
36,gn:T02127,PMID:22843584
37,gn:T02128,PMID:22458477
38,gn:T02129,PMID:22843593
39,gn:T02130,PMID:22815458
40,gn:T02131,PMID:20639323
41,gn:T02132,
42,gn:T02133,PMID:23961309
43,gn:T02134,
44,gn:T02135,PMID:22887663
45,gn:T02136,PMID:23012283
46,gn:T02137,PMID:24907337
47,gn:T02138,
48,gn:T02139,
49,gn:T02140,
50,gn:T02141,
51,gn:T02142,PMID:22404577
52,gn:T02143,PMID:22693604
53,gn:T02144,
54,gn:T02145,
55,gn:T02146,PMID:25512312
56,gn:T02147,
57,gn:T02148,PMID:23105050
58,gn:T02149,
59,gn:T02150,
60,gn:T02151,PMID:23961311
61,gn:T02152,PMID:22216014
62,gn:T02153,PMID:21183672
63,gn:T02154,PMID:23012291
64,gn:T02155,PMID:20336137
65,gn:T02156,
66,gn:T02157,PMID:23991255
67,gn:T02158,PMID:22535933
68,gn:T02159,PMID:22275097
69,gn:T02160,PMID:22933757
70,gn:T02161,PMID:22672046
71,gn:T02162,PMID:22019407
72,gn:T02163,
73,gn:T02164,PMID:22406642
74,gn:T02165,PMID:22406642
75,gn:T02166,PMID:22406642
76,gn:T02167,PMID:22887672
77,gn:T02168,PMID:23144395
78,gn:T02169,PMID:22887670
79,gn:T02170,PMID:23046581
80,gn:T02171,PMID:22583953
81,gn:T02172,PMID:22965105
82,gn:T02173,PMID:22965083
83,gn:T02174,PMID:22044686
84,gn:T02175,PMID:22044686
85,gn:T02176,PMID:23301019
86,gn:T02177,PMID:22965084
87,gn:T02178,
88,gn:T02179,PMID:22965086
89,gn:T02180,
90,gn:T02181,PMID:23815283
91,gn:T02182,PMID:22965097
92,gn:T02183,PMID:22636780
93,gn:T02184,PMID:22911826
94,gn:T02185,PMID:22887682
95,gn:T02186,PMID:22541164
96,gn:T02187,PMID:23045486
97,gn:T02188,PMID:22843606
98,gn:T02189,PMID:22965103
99,gn:T02190,PMID:23012281
100,gn:T02191,PMID:18955433
101,gn:T02192,PMID:22717884
102,gn:T02193,PMID:22717884
103,gn:T02194,PMID:22821013
104,gn:T02195,PMID:22821013
105,gn:T02196,PMID:22821013
106,gn:T02197,PMID:22821013
107,gn:T02198,PMID:22821013
108,gn:T02199,PMID:22821013
109,gn:T02200,PMID:22628486
110,gn:T02201,PMID:22628486
111,gn:T02202,PMID:22628486
112,gn:T02203,PMID:22628486
113,gn:T02204,PMID:22628486
114,gn:T02205,PMID:23105060
115,gn:T02206,PMID:22977066
116,gn:T02207,PMID:23105050
117,gn:T02208,PMID:23045512
118,gn:T02209,PMID:23045512
119,gn:T02210,PMID:23045512
120,gn:T02211,PMID:23045512
121,gn:T02212,PMID:22919073
122,gn:T02213,PMID:23105059
123,gn:T02214,PMID:23105076
124,gn:T02215,PMID:23039946
125,gn:T02216,PMID:22923396
126,gn:T02217,PMID:23105080
127,gn:T02218,PMID:23105086
128,gn:T02219,PMID:23339658
129,gn:T02220,PMID:23339658
130,gn:T02221,PMID:23339658
131,gn:T02222,PMID:23339658
132,gn:T02223,PMID:23339658
133,gn:T02224,PMID:23339658
134,gn:T02225,PMID:22947175
135,gn:T02226,PMID:21536894
136,gn:T02227,PMID:21829347
137,gn:T02228,PMID:21964414
138,gn:T02229,PMID:19717792
139,gn:T02230,PMID:22046142
140,gn:T02231,PMID:21964414
141,gn:T02232,PMID:21304167
142,gn:T02233,PMID:22123960
143,gn:T02234,PMID:22123960
144,gn:T02235,PMID:22123960
145,gn:T02236,PMID:22123960
146,gn:T02237,PMID:22384365
147,gn:T02238,PMID:20865802
148,gn:T02239,PMID:23339658
149,gn:T02240,PMID:23339658
150,gn:T02241,PMID:23339658
151,gn:T02242,PMID:23339658
152,gn:T02243,PMID:23133394
153,gn:T02244,PMID:22465289
154,gn:T02245,
155,gn:T02246,PMID:23209244
156,gn:T02246,PMID:18670397
157,gn:T02247,PMID:23339658
158,gn:T02248,PMID:23144401
159,gn:T02249,
160,gn:T02250,
161,gn:T02251,PMID:23209198
162,gn:T02252,PMID:23209198
163,gn:T02253,PMID:23019517
164,gn:T02254,PMID:23019517
165,gn:T02255,PMID:23240052
166,gn:T02256,PMID:23133618
167,gn:T02257,PMID:23133618
168,gn:T02258,PMID:23144424
169,gn:T02259,PMID:23144414
170,gn:T02260,PMID:23019517
171,gn:T02261,PMID:23209228
172,gn:T02262,PMID:23144422
173,gn:T02263,PMID:23209229
174,gn:T02264,PMID:24265498
175,gn:T02265,PMID:23144416
176,gn:T02266,PMID:24307665
177,gn:T02267,PMID:23144417
178,gn:T02268,PMID:23088741
179,gn:T02269,PMID:22900646
180,gn:T02270,PMID:22535940
181,gn:T02271,PMID:23028506
182,gn:T02272,
183,gn:T02273,PMID:23029591
184,gn:T02274,PMID:21463507
185,gn:T02275,PMID:24391155
186,gn:T02276,PMID:23259483
187,gn:T02277,PMID:23405326
188,gn:T02278,PMID:23284863
189,gn:T02279,PMID:23284863
190,gn:T02280,PMID:23760934
191,gn:T02281,PMID:23405302
192,gn:T02282,
193,gn:T02283,PMID:33953399
194,gn:T02284,PMID:20686567
195,gn:T02285,PMID:21695235
196,gn:T02286,PMID:22341448
197,gn:T02287,PMID:22802648
198,gn:T02288,PMID:22038252
199,gn:T02289,PMID:22038251
200,gn:T02290,PMID:23209225
201,gn:T02291,
202,gn:T02292,PMID:23105055
203,gn:T02293,
204,gn:T02294,PMID:23105078
205,gn:T02295,PMID:23051057
206,gn:T02296,PMID:23051057
207,gn:T02297,PMID:23051057
208,gn:T02298,PMID:23209254
209,gn:T02299,PMID:23144406
210,gn:T02300,PMID:23144415
211,gn:T02301,PMID:23144371
212,gn:T02302,PMID:23105049
213,gn:T02303,PMID:23209211
214,gn:T02304,PMID:23209206
215,gn:T02305,PMID:23057602
216,gn:T02306,PMID:23144402
217,gn:T02307,PMID:23144417
218,gn:T02308,PMID:23209198
219,gn:T02309,PMID:23209198
220,gn:T02310,PMID:23209198
221,gn:T02311,PMID:23209198
222,gn:T02312,PMID:23209198
223,gn:T02313,PMID:23209198
224,gn:T02314,PMID:23209198
225,gn:T02315,PMID:23045485
226,gn:T02316,PMID:23133618
227,gn:T02317,PMID:23833139
228,gn:T02318,PMID:23833139
229,gn:T02319,PMID:22203551
230,gn:T02320,PMID:23105077
231,gn:T02321,PMID:23144413
232,gn:T02322,PMID:23144409
233,gn:T02323,PMID:23682144
234,gn:T02324,PMID:23045511
235,gn:T02325,PMID:22965120
236,gn:T02326,PMID:22628486
237,gn:T02327,PMID:22628486
238,gn:T02328,PMID:22628486
239,gn:T02329,PMID:23105057
240,gn:T02330,PMID:23405284
241,gn:T02331,PMID:24935762
242,gn:T02332,PMID:23405285
243,gn:T02333,
244,gn:T02334,PMID:23082106
245,gn:T02335,PMID:23405303
246,gn:T02336,PMID:22821013
247,gn:T02337,PMID:23144392
248,gn:T02338,PMID:23991251
249,gn:T02339,PMID:23144384
250,gn:T02340,PMID:23212172
251,gn:T02341,PMID:23148582
252,gn:T02342,PMID:23405327
253,gn:T02343,PMID:23405306
254,gn:T02344,PMID:23051057
255,gn:T02345,PMID:23083487
256,gn:T02346,PMID:23405355
257,gn:T02347,
258,gn:T02348,PMID:23472221
259,gn:T02349,PMID:23405342
260,gn:T02350,PMID:17000723
261,gn:T02351,PMID:23405353
262,gn:T02352,PMID:25883278
263,gn:T02353,PMID:25883278
264,gn:T02354,PMID:21392141
265,gn:T02355,PMID:21914890
266,gn:T02356,PMID:23181807
267,gn:T02357,PMID:23516524
268,gn:T02358,
269,gn:T02359,
270,gn:T02360,
271,gn:T02361,
272,gn:T02362,
273,gn:T02363,
274,gn:T02364,
275,gn:T02365,PMID:23185008
276,gn:T02366,
277,gn:T02367,PMID:23277585
278,gn:T02368,
279,gn:T02369,PMID:23277585
280,gn:T02370,
281,gn:T02371,
282,gn:T02372,PMID:23277585
283,gn:T02373,
284,gn:T02374,PMID:23277585
285,gn:T02375,PMID:23277585
286,gn:T02376,
287,gn:T02377,PMID:23277585
288,gn:T02378,
289,gn:T02379,
290,gn:T02380,
291,gn:T02381,
292,gn:T02382,
293,gn:T02383,
294,gn:T02384,PMID:23409263
295,gn:T02385,PMID:17975172
296,gn:T02385,PMID:8660972
297,gn:T02386,PMID:12142439
298,gn:T02386,PMID:12354650
299,gn:T02387,PMID:23469345
300,gn:T02388,
301,gn:T02389,PMID:24465371
302,gn:T02390,
303,gn:T02391,PMID:28194258
304,gn:T02392,PMID:25189582
305,gn:T02393,
306,gn:T02394,
307,gn:T02395,PMID:23408754
308,gn:T02396,
309,gn:T02397,
310,gn:T02398,PMID:23277585
311,gn:T02399,PMID:23405346
312,gn:T02400,
313,gn:T02401,
314,gn:T02402,
315,gn:T02403,
316,gn:T02404,PMID:22958348
317,gn:T02405,PMID:23409262
318,gn:T02406,PMID:23277585
319,gn:T02407,
320,gn:T02408,
321,gn:T02409,PMID:23469330
322,gn:T02411,PMID:24309743
323,gn:T02412,PMID:22947175
324,gn:T02413,PMID:23560078
325,gn:T02414,PMID:23277585
326,gn:T02415,PMID:23405300
327,gn:T02416,PMID:23405339
328,gn:T02417,PMID:24976896
329,gn:T02418,
330,gn:T02419,PMID:23291586
331,gn:T02420,PMID:23291586
332,gn:T02421,PMID:23291586
333,gn:T02422,PMID:23291586
334,gn:T02423,
335,gn:T02424,PMID:23409256
336,gn:T02425,
337,gn:T02426,
338,gn:T02427,PMID:23560078
339,gn:T02428,PMID:23469349
340,gn:T02429,PMID:22689241
341,gn:T02430,PMID:23475937
342,gn:T02431,PMID:23469353
343,gn:T02432,PMID:23270491
344,gn:T02433,PMID:23516234
345,gn:T02434,PMID:23469343
346,gn:T02435,PMID:23277585
347,gn:T02436,PMID:23516218
348,gn:T02437,PMID:23472224
349,gn:T02438,PMID:24935762
350,gn:T02439,PMID:23279075
351,gn:T02440,PMID:23516204
352,gn:T02441,PMID:23292138
353,gn:T02442,PMID:29880660
354,gn:T02443,PMID:17554307
355,gn:T02444,PMID:23204453
356,gn:T02445,PMID:23516182
357,gn:T02446,PMID:23355305
358,gn:T02447,PMID:23071100
359,gn:T02448,PMID:23398522
360,gn:T02449,PMID:23516183
361,gn:T02450,
362,gn:T02451,PMID:23516200
363,gn:T02452,PMID:22418622
364,gn:T02453,PMID:22418622
365,gn:T02454,PMID:24413604
366,gn:T02455,PMID:23618712
367,gn:T02456,PMID:23516179
368,gn:T02457,PMID:23704183
369,gn:T02458,PMID:23516215
370,gn:T02459,PMID:23558530
371,gn:T02460,PMID:23516207
372,gn:T02461,PMID:23516209
373,gn:T02462,
374,gn:T02463,PMID:23345457
375,gn:T02464,PMID:23345457
376,gn:T02465,PMID:23345457
377,gn:T02466,PMID:23345457
378,gn:T02467,PMID:25323722
379,gn:T02468,PMID:23069868
380,gn:T02469,PMID:23555299
381,gn:T02470,PMID:23555299
382,gn:T02471,PMID:23345457
383,gn:T02472,PMID:23408721
384,gn:T02473,PMID:23961312
385,gn:T02474,PMID:23516221
386,gn:T02475,PMID:23600617
387,gn:T02476,PMID:23600617
388,gn:T02477,PMID:23704185
389,gn:T02478,PMID:23516216
390,gn:T02479,PMID:23516208
391,gn:T02480,PMID:23516223
392,gn:T02481,PMID:23383081
393,gn:T02482,PMID:23435891
394,gn:T02483,PMID:23599288
395,gn:T02484,PMID:23396330
396,gn:T02485,PMID:22461545
397,gn:T02486,PMID:19881527
398,gn:T02486,PMID:21742987
399,gn:T02486,PMID:17607527
400,gn:T02487,PMID:22123960
401,gn:T02488,PMID:22563396
402,gn:T02489,PMID:22123960
403,gn:T02490,PMID:22863735
404,gn:T02491,PMID:23527001
405,gn:T02492,PMID:23190728
406,gn:T02493,PMID:23378575
407,gn:T02494,PMID:23012276
408,gn:T02495,PMID:22843592
409,gn:T02496,PMID:23282187
410,gn:T02497,PMID:23599422
411,gn:T02498,PMID:23682148
412,gn:T02499,PMID:22965090
413,gn:T02500,
414,gn:T02501,PMID:24501628
415,gn:T02502,PMID:22328754
416,gn:T02503,PMID:22789474
417,gn:T02504,PMID:24034426
418,gn:T02505,PMID:23640377
419,gn:T02506,PMID:23640196
420,gn:T02507,PMID:26203323
421,gn:T02508,PMID:22640862
422,gn:T02509,PMID:24265493
423,gn:T02510,PMID:23505045
424,gn:T02511,PMID:23792742
425,gn:T02512,PMID:23435887
426,gn:T02513,PMID:23435887
427,gn:T02514,PMID:23045508
428,gn:T02515,PMID:23723403
429,gn:T02516,PMID:23435891
430,gn:T02517,PMID:23190728
431,gn:T02518,PMID:23043000
432,gn:T02519,PMID:23682143
433,gn:T02520,PMID:25103757
434,gn:T02521,PMID:23542079
435,gn:T02522,PMID:23682137
436,gn:T02523,PMID:23682137
437,gn:T02524,PMID:23723394
438,gn:T02525,PMID:23515978
439,gn:T02526,PMID:22535945
440,gn:T02527,PMID:24998381
441,gn:T02528,PMID:23544154
442,gn:T02529,PMID:23599290
443,gn:T02530,
444,gn:T02531,
445,gn:T02532,
446,gn:T02533,PMID:18552178
447,gn:T02534,PMID:21690406
448,gn:T02535,PMID:23640379
449,gn:T02536,PMID:24316490
450,gn:T02537,PMID:24628880
451,gn:T02538,PMID:23671678
452,gn:T02539,PMID:23671678
453,gn:T02540,PMID:23378575
454,gn:T02541,
455,gn:T02542,PMID:23505045
456,gn:T02543,PMID:23814035
457,gn:T02544,PMID:23814035
458,gn:T02545,PMID:24495463
459,gn:T02546,PMID:22406642
460,gn:T02547,PMID:22406642
461,gn:T02548,PMID:22406642
462,gn:T02549,PMID:22406642
463,gn:T02550,PMID:22406642
464,gn:T02551,PMID:22406642
465,gn:T02552,PMID:22406642
466,gn:T02553,PMID:22406642
467,gn:T02554,PMID:22406642
468,gn:T02555,PMID:22406642
469,gn:T02556,PMID:22406642
470,gn:T02557,PMID:22406642
471,gn:T02558,PMID:22406642
472,gn:T02559,PMID:22406642
473,gn:T02560,PMID:22406642
474,gn:T02561,PMID:22406642
475,gn:T02562,PMID:22406642
476,gn:T02563,PMID:22406642
477,gn:T02564,PMID:22406642
478,gn:T02565,PMID:22406642
479,gn:T02566,PMID:22406642
480,gn:T02567,PMID:22406642
481,gn:T02568,PMID:22406642
482,gn:T02569,PMID:22406642
483,gn:T02570,PMID:22406642
484,gn:T02571,PMID:22406642
485,gn:T02572,PMID:22406642
486,gn:T02573,PMID:22406642
487,gn:T02574,PMID:22406642
488,gn:T02575,PMID:22406642
489,gn:T02576,PMID:22406642
490,gn:T02577,PMID:22406642
491,gn:T02578,
492,gn:T02579,
493,gn:T02580,
494,gn:T02581,
495,gn:T02582,PMID:22275103
496,gn:T02583,
497,gn:T02584,
498,gn:T02585,
499,gn:T02586,
500,gn:T02587,
501,gn:T02588,
502,gn:T02589,
503,gn:T02590,
504,gn:T02591,
505,gn:T02592,
506,gn:T02593,
507,gn:T02594,PMID:19219498
508,gn:T02595,PMID:22843585
509,gn:T02596,PMID:23412845
510,gn:T02597,
511,gn:T02598,
512,gn:T02600,
513,gn:T02601,
514,gn:T02602,
515,gn:T02603,PMID:22541164
516,gn:T02604,PMID:22541164
517,gn:T02605,
518,gn:T02606,
519,gn:T02607,PMID:20398357
520,gn:T02608,PMID:20203057
521,gn:T02609,
522,gn:T02610,
523,gn:T02611,
524,gn:T02612,
525,gn:T02613,PMID:23548081
526,gn:T02614,
527,gn:T02615,
528,gn:T02616,PMID:23788533
529,gn:T02617,PMID:23424287
530,gn:T02618,PMID:23792746
531,gn:T02619,
532,gn:T02620,PMID:23594878
533,gn:T02621,PMID:23542454
534,gn:T02622,PMID:23542454
535,gn:T02623,
536,gn:T02624,PMID:23209209
537,gn:T02625,PMID:23814034
538,gn:T02626,PMID:23405321
539,gn:T02627,
540,gn:T02628,PMID:24130509
541,gn:T02629,PMID:24130509
542,gn:T02630,PMID:24130509
543,gn:T02631,PMID:24130509
544,gn:T02632,PMID:23792747
545,gn:T02633,PMID:23792740
546,gn:T02634,PMID:23792740
547,gn:T02635,PMID:23723408
548,gn:T02636,
549,gn:T02637,PMID:23766410
550,gn:T02638,PMID:23337890
551,gn:T02639,PMID:23887910
552,gn:T02640,PMID:23593012
553,gn:T02641,PMID:23593012
554,gn:T02642,PMID:23833130
555,gn:T02643,PMID:23833140
556,gn:T02644,PMID:25931592
557,gn:T02645,
558,gn:T02646,PMID:23833140
559,gn:T02647,PMID:23788546
560,gn:T02648,PMID:23969054
561,gn:T02649,PMID:23788543
562,gn:T02650,PMID:23965270
563,gn:T02651,PMID:23638193
564,gn:T02652,PMID:23788533
565,gn:T02653,PMID:23788533
566,gn:T02654,PMID:23788533
567,gn:T02655,PMID:25769891
568,gn:T02656,PMID:23586779
569,gn:T02657,PMID:25197466
570,gn:T02658,PMID:23957912
571,gn:T02659,PMID:24051312
572,gn:T02660,PMID:24051312
573,gn:T02661,PMID:23957912
574,gn:T02662,PMID:24503996
575,gn:T02663,PMID:23637642
576,gn:T02664,PMID:23525074
577,gn:T02665,PMID:22660326
578,gn:T02665,PMID:16575560
579,gn:T02666,PMID:21186353
580,gn:T02667,PMID:23375108
581,gn:T02668,PMID:21757610
582,gn:T02669,PMID:25533399
583,gn:T02670,PMID:25747834
584,gn:T02671,PMID:24762936
585,gn:T02672,PMID:23814033
586,gn:T02673,PMID:23707974
587,gn:T02674,PMID:23915186
588,gn:T02675,PMID:23384176
589,gn:T02676,PMID:23711669
590,gn:T02677,PMID:23711669
591,gn:T02678,PMID:24884615
592,gn:T02679,PMID:23627759
593,gn:T02680,
594,gn:T02681,
595,gn:T02682,PMID:23833135
596,gn:T02683,PMID:24051325
597,gn:T02684,PMID:23833137
598,gn:T02685,PMID:23409269
599,gn:T02686,PMID:24621602
600,gn:T02687,PMID:23991254
601,gn:T02688,PMID:24993343
602,gn:T02689,PMID:23826259
603,gn:T02690,
604,gn:T02691,
605,gn:T02692,PMID:23846268
606,gn:T02693,PMID:23868130
607,gn:T02694,PMID:23908277
608,gn:T02695,PMID:19359590
609,gn:T02696,PMID:19359590
610,gn:T02697,PMID:24023711
611,gn:T02698,PMID:23908281
612,gn:T02699,PMID:24477196
613,gn:T02700,PMID:23908287
614,gn:T02701,PMID:24685642
615,gn:T02702,PMID:23887918
616,gn:T02703,PMID:23846269
617,gn:T02704,PMID:23868134
618,gn:T02705,PMID:23868134
619,gn:T02706,PMID:23868128
620,gn:T02707,PMID:24526630
621,gn:T02708,PMID:23887915
622,gn:T02709,PMID:24058545
623,gn:T02710,PMID:24341572
624,gn:T02711,PMID:23908295
625,gn:T02712,PMID:23645200
626,gn:T02713,PMID:17267615
627,gn:T02714,PMID:25197436
628,gn:T02715,PMID:24051316
629,gn:T02716,PMID:23929484
630,gn:T02717,PMID:23929475
631,gn:T02718,PMID:23812535
632,gn:T02719,PMID:23729633
633,gn:T02720,PMID:23729633
634,gn:T02721,PMID:23729633
635,gn:T02722,PMID:23729633
636,gn:T02723,PMID:23729633
637,gn:T02724,PMID:23729633
638,gn:T02725,PMID:20550686
639,gn:T02726,PMID:23826102
640,gn:T02727,PMID:23826102
641,gn:T02728,PMID:23826102
642,gn:T02729,PMID:24072862
643,gn:T02730,PMID:23950137
644,gn:T02731,PMID:24558250
645,gn:T02732,PMID:23929490
646,gn:T02733,PMID:23969046
647,gn:T02734,PMID:25359917
648,gn:T02735,PMID:24903882
649,gn:T02736,PMID:24732280
650,gn:T02737,PMID:24356834
651,gn:T02738,
652,gn:T02739,PMID:24158624
653,gn:T02740,PMID:23950115
654,gn:T02741,PMID:23873917
655,gn:T02742,PMID:23873917
656,gn:T02743,PMID:23950122
657,gn:T02744,PMID:23969047
658,gn:T02745,PMID:24812223
659,gn:T02746,PMID:24136851
660,gn:T02747,PMID:25767233
661,gn:T02748,PMID:25745008
662,gn:T02749,PMID:24604653
663,gn:T02750,PMID:23497205
664,gn:T02751,PMID:23661471
665,gn:T02752,
666,gn:T02753,
667,gn:T02754,
668,gn:T02755,PMID:23969057
669,gn:T02756,PMID:23969058
670,gn:T02757,PMID:23957912
671,gn:T02758,PMID:24034426
672,gn:T02759,
673,gn:T02760,PMID:25814612
674,gn:T02761,PMID:25814612
675,gn:T02762,PMID:23786423
676,gn:T02763,PMID:23786423
677,gn:T02764,PMID:23786423
678,gn:T02765,PMID:23786423
679,gn:T02766,PMID:23786423
680,gn:T02767,PMID:23786423
681,gn:T02768,PMID:23786423
682,gn:T02769,PMID:23786423
683,gn:T02770,PMID:23786423
684,gn:T02771,PMID:23786423
685,gn:T02772,PMID:23786423
686,gn:T02773,PMID:23786423
687,gn:T02774,PMID:23850282
688,gn:T02775,PMID:23782707
689,gn:T02776,PMID:21551300
690,gn:T02777,PMID:23850282
691,gn:T02778,
692,gn:T02779,
693,gn:T02780,PMID:26508673
694,gn:T02781,PMID:24428220
695,gn:T02782,PMID:23918810
696,gn:T02783,PMID:23918810
697,gn:T02784,PMID:24501635
698,gn:T02785,PMID:23894309
699,gn:T02786,PMID:23902333
700,gn:T02787,PMID:24140291
701,gn:T02788,PMID:24004955
702,gn:T02789,PMID:24009111
703,gn:T02790,PMID:25394606
704,gn:T02791,PMID:23892752
705,gn:T02792,PMID:24517536
706,gn:T02793,PMID:21629720
707,gn:T02794,
708,gn:T02795,PMID:25197456
709,gn:T02796,PMID:25119988
710,gn:T02797,PMID:24029760
711,gn:T02798,PMID:24459274
712,gn:T02799,
713,gn:T02800,PMID:22493191
714,gn:T02801,PMID:21551300
715,gn:T02802,PMID:24029764
716,gn:T02803,PMID:23977007
717,gn:T02804,
718,gn:T02805,PMID:23842467
719,gn:T02806,PMID:24652983
720,gn:T02807,PMID:24072860
721,gn:T02808,
722,gn:T02809,
723,gn:T02810,
724,gn:T02811,PMID:24524824
725,gn:T02812,PMID:21993625
726,gn:T02813,PMID:29704459
727,gn:T02814,PMID:25186727
728,gn:T02815,PMID:23103876
729,gn:T02815,PMID:24923674
730,gn:T02816,
731,gn:T02817,PMID:30802494
732,gn:T02817,PMID:19121390
733,gn:T02817,PMID:15591204
734,gn:T02817,PMID:15141943
735,gn:T02818,PMID:22580951
736,gn:T02819,PMID:23354103
737,gn:T02820,PMID:23137308
738,gn:T02821,PMID:24092787
739,gn:T02822,
740,gn:T02823,PMID:24072867
741,gn:T02824,
742,gn:T02825,PMID:24072870
743,gn:T02826,PMID:23977354
744,gn:T02827,PMID:24244782
745,gn:T02828,PMID:24341328
746,gn:T02829,PMID:24341328
747,gn:T02830,PMID:24341328
748,gn:T02831,PMID:24341328
749,gn:T02832,PMID:24341328
750,gn:T02833,PMID:24341328
751,gn:T02834,PMID:24341328
752,gn:T02835,PMID:24245581
753,gn:T02837,PMID:24376440
754,gn:T02838,PMID:23959310
755,gn:T02839,PMID:24092777
756,gn:T02840,PMID:25635021
757,gn:T02841,PMID:24641125
758,gn:T02842,PMID:24641125
759,gn:T02843,PMID:24641125
760,gn:T02844,PMID:24641125
761,gn:T02845,
762,gn:T02846,PMID:25063650
763,gn:T02847,PMID:24158560
764,gn:T02848,PMID:24009606
765,gn:T02849,PMID:24039691
766,gn:T02850,PMID:24039691
767,gn:T02851,PMID:23974026
768,gn:T02852,PMID:24201198
769,gn:T02853,PMID:24417976
770,gn:T02854,PMID:24417976
771,gn:T02855,PMID:24417976
772,gn:T02856,PMID:23525076
773,gn:T02857,PMID:22773644
774,gn:T02858,PMID:23872576
775,gn:T02859,PMID:24233590
776,gn:T02860,PMID:27557119
777,gn:T02861,PMID:24356833
778,gn:T02862,PMID:23995933
779,gn:T02863,PMID:24071059
780,gn:T02864,PMID:25196593
781,gn:T02865,
782,gn:T02866,
783,gn:T02867,PMID:24265489
784,gn:T02868,PMID:24233585
785,gn:T02869,PMID:23982073
786,gn:T02870,PMID:23918808
787,gn:T02871,PMID:23739050
788,gn:T02872,PMID:24667708
789,gn:T02873,PMID:24285648
790,gn:T02874,PMID:24030491
791,gn:T02875,PMID:24051320
792,gn:T02876,PMID:24285650
793,gn:T02877,PMID:24267588
794,gn:T02878,PMID:24285658
795,gn:T02879,PMID:34302622
796,gn:T02880,PMID:34302622
797,gn:T02881,PMID:24158016
798,gn:T02882,PMID:24285665
799,gn:T02883,PMID:24655715
800,gn:T02884,PMID:24285647
801,gn:T02885,PMID:24194836
802,gn:T02886,PMID:24309740
803,gn:T02887,PMID:25716827
804,gn:T02888,PMID:24225341
805,gn:T02889,
806,gn:T02890,PMID:24336372
807,gn:T02891,
808,gn:T02892,PMID:24637369
809,gn:T02893,PMID:25573933
810,gn:T02894,PMID:25931592
811,gn:T02895,PMID:24336384
812,gn:T02896,PMID:24309736
813,gn:T02897,PMID:24161918
814,gn:T02898,PMID:25364572
815,gn:T02899,PMID:24336365
816,gn:T02900,PMID:25364572
817,gn:T02901,PMID:23791203
818,gn:T02902,PMID:24200077
819,gn:T02903,PMID:24356831
820,gn:T02904,PMID:21169198
821,gn:T02905,
822,gn:T02906,PMID:24371205
823,gn:T02907,PMID:23929477
824,gn:T02908,PMID:23791183
825,gn:T02910,PMID:23263233
826,gn:T02910,PMID:20540682
827,gn:T02911,PMID:23525076
828,gn:T02912,PMID:23371554
829,gn:T02912,PMID:20603809
830,gn:T02913,PMID:23598338
831,gn:T02913,PMID:9215903
832,gn:T02914,PMID:22630137
833,gn:T02915,PMID:23760476
834,gn:T02916,PMID:23503846
835,gn:T02916,PMID:7616569
836,gn:T02917,PMID:22353717
837,gn:T02918,PMID:34183680
838,gn:T02919,PMID:22751099
839,gn:T02919,PMID:25186658
840,gn:T02920,PMID:23962925
841,gn:T02920,PMID:25103443
842,gn:T02921,PMID:23537097
843,gn:T02921,PMID:20740693
844,gn:T02922,PMID:23917531
845,gn:T02923,PMID:23542700
846,gn:T02923,PMID:18771739
847,gn:T02924,PMID:20852019
848,gn:T02925,PMID:23201678
849,gn:T02926,PMID:23471408
850,gn:T02927,PMID:24604646
851,gn:T02928,PMID:26659688
852,gn:T02929,PMID:24770387
853,gn:T02930,PMID:24333130
854,gn:T02931,PMID:24568933
855,gn:T02932,PMID:24407627
856,gn:T02933,PMID:25743074
857,gn:T02934,PMID:24604638
858,gn:T02935,
859,gn:T02936,PMID:24812228
860,gn:T02937,PMID:24356846
861,gn:T02938,PMID:28618081
862,gn:T02939,PMID:24340004
863,gn:T02940,PMID:24340004
864,gn:T02941,PMID:24812223
865,gn:T02942,PMID:24149512
866,gn:T02943,PMID:24435868
867,gn:T02944,PMID:24459278
868,gn:T02945,PMID:24407648
869,gn:T02946,PMID:24149512
870,gn:T02947,PMID:24149512
871,gn:T02948,PMID:25884386
872,gn:T02949,PMID:24625874
873,gn:T02950,PMID:24699956
874,gn:T02951,PMID:24459257
875,gn:T02952,
876,gn:T02953,PMID:21818284
877,gn:T02954,PMID:24459253
878,gn:T02955,PMID:24435860
879,gn:T02956,PMID:24459277
880,gn:T02957,PMID:24184088
881,gn:T02958,PMID:23729633
882,gn:T02959,PMID:23474435
883,gn:T02960,PMID:24625872
884,gn:T02961,PMID:24501651
885,gn:T02962,PMID:24482515
886,gn:T02963,PMID:24599066
887,gn:T02964,PMID:25487802
888,gn:T02965,PMID:24463274
889,gn:T02966,PMID:24459269
890,gn:T02967,PMID:24482514
891,gn:T02968,
892,gn:T02969,PMID:24482516
893,gn:T02970,PMID:24505294
894,gn:T02971,PMID:24459283
895,gn:T02972,PMID:24874689
896,gn:T02973,PMID:24874689
897,gn:T02974,PMID:24874690
898,gn:T02975,
899,gn:T02976,
900,gn:T02977,PMID:24482507
901,gn:T02978,PMID:23385571
902,gn:T02979,PMID:32012460
903,gn:T02979,PMID:17640355
904,gn:T02980,PMID:23624526
905,gn:T02981,PMID:21743474
906,gn:T02982,
907,gn:T02983,PMID:23179022
908,gn:T02983,PMID:17010212
909,gn:T02984,PMID:23749190
910,gn:T02985,
911,gn:T02986,
912,gn:T02987,PMID:27630623
913,gn:T02988,PMID:24045858
914,gn:T02989,
915,gn:T02990,PMID:24357323
916,gn:T02990,PMID:12832641
917,gn:T02991,PMID:18454138
918,gn:T02992,PMID:23258410
919,gn:T02992,PMID:25208182
920,gn:T02993,PMID:23258410
921,gn:T02993,PMID:24438271
922,gn:T02994,PMID:21186351
923,gn:T02995,PMID:23481403
924,gn:T02996,PMID:24501624
925,gn:T02997,
926,gn:T02998,
927,gn:T02999,PMID:26116813
928,gn:T03000,PMID:24503995
929,gn:T03001,
930,gn:T03003,
931,gn:T03004,PMID:24407854
932,gn:T03005,PMID:24472758
933,gn:T03006,PMID:24407854
934,gn:T03007,
935,gn:T03008,
936,gn:T03009,PMID:25197438
937,gn:T03010,PMID:24410921
938,gn:T03011,PMID:24410921
939,gn:T03012,PMID:25931592
940,gn:T03013,PMID:26203324
941,gn:T03014,PMID:24835253
942,gn:T03015,
943,gn:T03016,PMID:24739217
944,gn:T03017,PMID:24526647
945,gn:T03018,PMID:24526647
946,gn:T03019,PMID:24526647
947,gn:T03020,PMID:24365332
948,gn:T03021,PMID:24365332
949,gn:T03022,PMID:24365332
950,gn:T03023,PMID:24365332
951,gn:T03024,PMID:25931592
952,gn:T03025,PMID:24699952
953,gn:T03026,PMID:24526648
954,gn:T03027,PMID:24526648
955,gn:T03028,PMID:24526648
956,gn:T03029,PMID:24526648
957,gn:T03030,PMID:25820207
958,gn:T03031,
959,gn:T03032,PMID:24747905
960,gn:T03033,
961,gn:T03034,PMID:24558249
962,gn:T03035,PMID:24699957
963,gn:T03036,
964,gn:T03037,PMID:24604654
965,gn:T03038,PMID:24967843
966,gn:T03039,PMID:25301375
967,gn:T03040,PMID:25499075
968,gn:T03041,PMID:25193709
969,gn:T03042,PMID:25193714
970,gn:T03043,PMID:24800692
971,gn:T03044,PMID:24556328
972,gn:T03045,PMID:24786957
973,gn:T03046,PMID:24556327
974,gn:T03047,PMID:24534435
975,gn:T03048,PMID:24534435
976,gn:T03049,PMID:25186071
977,gn:T03050,PMID:24625864
978,gn:T03051,PMID:21470838
979,gn:T03052,PMID:28963213
980,gn:T03053,PMID:24482531
981,gn:T03054,PMID:24708309
982,gn:T03055,PMID:24637374
983,gn:T03056,PMID:25197471
984,gn:T03057,PMID:24675860
985,gn:T03058,PMID:24952578
986,gn:T03059,PMID:25057327
987,gn:T03060,PMID:25197467
988,gn:T03061,PMID:24926057
989,gn:T03062,PMID:25070216
990,gn:T03063,PMID:25053814
991,gn:T03064,PMID:24651173
992,gn:T03065,PMID:24675865
993,gn:T03066,PMID:25053814
994,gn:T03067,PMID:26393955
995,gn:T03068,
996,gn:T03069,PMID:24461712
997,gn:T03070,PMID:24786956
998,gn:T03071,PMID:24150943
999,gn:T03072,PMID:26796622
1000,gn:T03073,PMID:25323597
1001,gn:T03074,PMID:24831147
1002,gn:T03075,PMID:23144426
1003,gn:T03076,PMID:28585301
1004,gn:T03077,PMID:25232178
1005,gn:T03078,
1006,gn:T03079,PMID:21209874
1007,gn:T03080,PMID:25197483
1008,gn:T03081,PMID:24803113
1009,gn:T03082,PMID:24926050
1010,gn:T03083,
1011,gn:T03084,PMID:25196111
1012,gn:T03085,
1013,gn:T03086,PMID:24270359
1014,gn:T03087,PMID:25504731
1015,gn:T03088,PMID:34301952
1016,gn:T03088,PMID:24402279
1017,gn:T03089,PMID:22925495
1018,gn:T03090,PMID:24169659
1019,gn:T03090,PMID:16046150
1020,gn:T03091,PMID:21801464
1021,gn:T03092,PMID:23525075
1022,gn:T03093,
1023,gn:T03094,PMID:24195767
1024,gn:T03095,PMID:24158107
1025,gn:T03096,PMID:24158107
1026,gn:T03097,PMID:24336371
1027,gn:T03098,PMID:24115552
1028,gn:T03099,PMID:21788494
1029,gn:T03100,PMID:21784248
1030,gn:T03101,PMID:21788494
1031,gn:T03102,PMID:23814032
1032,gn:T03103,PMID:23723393
1033,gn:T03104,PMID:25368161
1034,gn:T03105,PMID:22876864
1035,gn:T03106,PMID:23236275
1036,gn:T03107,PMID:25368161
1037,gn:T03108,PMID:22112802
1038,gn:T03109,PMID:23236275
1039,gn:T03110,PMID:23357949
1040,gn:T03111,PMID:25931592
1041,gn:T03112,PMID:25931592
1042,gn:T03113,PMID:25931592
1043,gn:T03114,PMID:24786957
1044,gn:T03115,PMID:25250641
1045,gn:T03116,PMID:24625868
1046,gn:T03117,
1047,gn:T03118,PMID:24581150
1048,gn:T03119,PMID:24581150
1049,gn:T03120,PMID:24581150
1050,gn:T03121,
1051,gn:T03122,
1052,gn:T03123,
1053,gn:T03124,PMID:23236275
1054,gn:T03125,PMID:23357949
1055,gn:T03126,PMID:23766404
1056,gn:T03127,PMID:22745431
1057,gn:T03128,PMID:22937793
1058,gn:T03129,PMID:22745431
1059,gn:T03130,PMID:22745431
1060,gn:T03131,PMID:22745431
1061,gn:T03132,PMID:22745431
1062,gn:T03133,PMID:22745431
1063,gn:T03134,PMID:22745431
1064,gn:T03135,PMID:21764756
1065,gn:T03136,PMID:23045686
1066,gn:T03137,PMID:24571091
1067,gn:T03138,PMID:21536894
1068,gn:T03139,PMID:22745431
1069,gn:T03140,PMID:23045686
1070,gn:T03141,PMID:23800965
1071,gn:T03142,PMID:22326418
1072,gn:T03143,PMID:22720005
1073,gn:T03144,PMID:22720005
1074,gn:T03145,PMID:22720005
1075,gn:T03146,PMID:22720005
1076,gn:T03147,PMID:22720005
1077,gn:T03148,PMID:22720005
1078,gn:T03149,PMID:22720005
1079,gn:T03150,PMID:22720005
1080,gn:T03151,PMID:24786957
1081,gn:T03152,
1082,gn:T03153,
1083,gn:T03154,
1084,gn:T03155,
1085,gn:T03156,
1086,gn:T03157,PMID:25883287
1087,gn:T03158,PMID:23919528
1088,gn:T03159,PMID:25972859
1089,gn:T03160,PMID:29694430
1090,gn:T03161,PMID:24675861
1091,gn:T03162,PMID:24551231
1092,gn:T03163,PMID:25931592
1093,gn:T03164,
1094,gn:T03165,PMID:26256097
1095,gn:T03166,
1096,gn:T03167,
1097,gn:T03168,
1098,gn:T03169,PMID:24022847
1099,gn:T03170,PMID:24336371
1100,gn:T03171,PMID:24115549
1101,gn:T03172,PMID:24179121
1102,gn:T03173,PMID:24179118
1103,gn:T03174,PMID:24812222
1104,gn:T03175,PMID:24744340
1105,gn:T03176,PMID:24639510
1106,gn:T03177,PMID:24639510
1107,gn:T03178,PMID:24723719
1108,gn:T03179,PMID:27129539
1109,gn:T03180,PMID:25792065
1110,gn:T03181,PMID:27645563
1111,gn:T03182,PMID:24744331
1112,gn:T03183,PMID:24744333
1113,gn:T03184,
1114,gn:T03185,PMID:24744342
1115,gn:T03186,PMID:26941143
1116,gn:T03187,
1117,gn:T03188,PMID:25417012
1118,gn:T03189,
1119,gn:T03190,
1120,gn:T03191,
1121,gn:T03192,PMID:24855300
1122,gn:T03193,PMID:24903879
1123,gn:T03194,PMID:28581499
1124,gn:T03195,PMID:22753475
1125,gn:T03196,PMID:23271652
1126,gn:T03197,PMID:26064886
1127,gn:T03198,
1128,gn:T03199,
1129,gn:T03200,PMID:24907263
1130,gn:T03201,PMID:25035328
1131,gn:T03202,
1132,gn:T03203,PMID:24984700
1133,gn:T03204,PMID:24811681
1134,gn:T03205,PMID:25657285
1135,gn:T03206,PMID:24914180
1136,gn:T03207,PMID:24610838
1137,gn:T03208,PMID:24948393
1138,gn:T03209,PMID:25152427
1139,gn:T03210,PMID:26383653
1140,gn:T03211,PMID:25189589
1141,gn:T03212,PMID:25635017
1142,gn:T03213,
1143,gn:T03214,PMID:25189588
1144,gn:T03215,PMID:23105069
1145,gn:T03216,PMID:25792050
1146,gn:T03217,PMID:25237030
1147,gn:T03218,PMID:25212615
1148,gn:T03219,
1149,gn:T03220,PMID:24942065
1150,gn:T03221,PMID:25540343
1151,gn:T03222,PMID:25680930
1152,gn:T03223,
1153,gn:T03224,PMID:24999826
1154,gn:T03225,PMID:25193710
1155,gn:T03226,PMID:24581117
1156,gn:T03227,PMID:25146145
1157,gn:T03228,PMID:25146147
1158,gn:T03229,PMID:25083934
1159,gn:T03230,PMID:29062941
1160,gn:T03231,PMID:29270248
1161,gn:T03232,
1162,gn:T03233,
1163,gn:T03234,
1164,gn:T03235,PMID:26019164
1165,gn:T03236,PMID:25085493
1166,gn:T03237,PMID:25414508
1167,gn:T03238,PMID:25300744
1168,gn:T03239,PMID:25301645
1169,gn:T03240,
1170,gn:T03241,PMID:25414509
1171,gn:T03242,PMID:25700417
1172,gn:T03243,PMID:25035333
1173,gn:T03244,PMID:24948393
1174,gn:T03245,PMID:22590641
1175,gn:T03246,PMID:25237027
1176,gn:T03247,PMID:24994797
1177,gn:T03248,PMID:25059860
1178,gn:T03249,PMID:24928416
1179,gn:T03250,PMID:25700418
1180,gn:T03251,PMID:25291772
1181,gn:T03252,PMID:25146144
1182,gn:T03253,PMID:25634941
1183,gn:T03254,PMID:25237017
1184,gn:T03255,PMID:25103769
1185,gn:T03256,PMID:25540343
1186,gn:T03257,PMID:25619602
1187,gn:T03258,PMID:25614576
1188,gn:T03259,PMID:25035317
1189,gn:T03260,PMID:25063659
1190,gn:T03261,PMID:25237024
1191,gn:T03262,PMID:25101067
1192,gn:T03263,PMID:25101067
1193,gn:T03264,PMID:25038751
1194,gn:T03264,PMID:25329280
1195,gn:T03265,PMID:29880660
1196,gn:T03266,PMID:25237024
1197,gn:T03267,
1198,gn:T03268,
1199,gn:T03269,PMID:25232178
1200,gn:T03270,PMID:25237024
1201,gn:T03271,PMID:24813606
1202,gn:T03272,PMID:23254933
1203,gn:T03273,PMID:23254933
1204,gn:T03274,PMID:31615981
1205,gn:T03275,PMID:22003006
1206,gn:T03276,PMID:25449545
1207,gn:T03277,PMID:25271287
1208,gn:T03278,PMID:25342686
1209,gn:T03279,PMID:25377716
1210,gn:T03280,PMID:25323710
1211,gn:T03281,
1212,gn:T03282,PMID:25342690
1213,gn:T03283,PMID:25342684
1214,gn:T03284,PMID:25414490
1215,gn:T03285,PMID:24903878
1216,gn:T03286,PMID:24874684
1217,gn:T03287,PMID:25013137
1218,gn:T03288,PMID:25059863
1219,gn:T03289,PMID:25014494
1220,gn:T03290,PMID:25414490
1221,gn:T03291,PMID:27058507
1222,gn:T03292,PMID:25414490
1223,gn:T03293,PMID:25237028
1224,gn:T03294,PMID:24551129
1225,gn:T03295,PMID:25323710
1226,gn:T03296,PMID:25685258
1227,gn:T03297,
1228,gn:T03298,PMID:25523782
1229,gn:T03299,PMID:25211235
1230,gn:T03300,PMID:25502672
1231,gn:T03301,
1232,gn:T03302,PMID:25414490
1233,gn:T03303,PMID:25780507
1234,gn:T03304,PMID:25977791
1235,gn:T03305,PMID:25035330
1236,gn:T03306,
1237,gn:T03307,PMID:25342679
1238,gn:T03308,PMID:25414490
1239,gn:T03309,
1240,gn:T03310,PMID:28751391
1241,gn:T03311,PMID:25013142
1242,gn:T03312,
1243,gn:T03313,PMID:25856195
1244,gn:T03314,PMID:26187596
1245,gn:T03315,
1246,gn:T03316,PMID:25977791
1247,gn:T03317,
1248,gn:T03318,
1249,gn:T03319,PMID:25212622
1250,gn:T03320,PMID:25291775
1251,gn:T03321,
1252,gn:T03322,PMID:25342682
1253,gn:T03323,PMID:25414490
1254,gn:T03324,
1255,gn:T03325,
1256,gn:T03326,
1257,gn:T03327,PMID:25499805
1258,gn:T03328,PMID:28748024
1259,gn:T03330,PMID:25232170
1260,gn:T03331,
1261,gn:T03332,
1262,gn:T03333,
1263,gn:T03334,
1264,gn:T03335,
1265,gn:T03337,
1266,gn:T03338,PMID:25456057
1267,gn:T03339,PMID:25483321
1268,gn:T03340,PMID:25201645
1269,gn:T03343,PMID:25377697
1270,gn:T03344,
1271,gn:T03345,
1272,gn:T03346,
1273,gn:T03347,
1274,gn:T03348,
1275,gn:T03349,PMID:25660421
1276,gn:T03350,PMID:25232178
1277,gn:T03351,PMID:25232170
1278,gn:T03352,PMID:25271287
1279,gn:T03354,
1280,gn:T03355,PMID:25395644
1281,gn:T03356,
1282,gn:T03357,
1283,gn:T03358,
1284,gn:T03359,
1285,gn:T03360,PMID:24827399
1286,gn:T03361,PMID:25091334
1287,gn:T03362,PMID:25091334
1288,gn:T03364,
1289,gn:T03365,
1290,gn:T03366,
1291,gn:T03367,PMID:24994794
1292,gn:T03368,PMID:25146146
1293,gn:T03369,PMID:25232178
1294,gn:T03370,PMID:25232178
1295,gn:T03371,PMID:25232178
1296,gn:T03372,PMID:24892994
1297,gn:T03373,PMID:25170157
1298,gn:T03373,PMID:9653643
1299,gn:T03374,PMID:25395646
1300,gn:T03375,PMID:25323713
1301,gn:T03376,PMID:25323714
1302,gn:T03377,PMID:26779129
1303,gn:T03378,PMID:25232178
1304,gn:T03379,PMID:28963213
1305,gn:T03380,PMID:25931592
1306,gn:T03381,PMID:25183669
1307,gn:T03382,
1308,gn:T03383,PMID:24831149
1309,gn:T03384,PMID:26346121
1310,gn:T03385,PMID:29694430
1311,gn:T03386,PMID:25081267
1312,gn:T03387,
1313,gn:T03388,PMID:25146148
1314,gn:T03389,
1315,gn:T03390,PMID:24903873
1316,gn:T03391,PMID:25931592
1317,gn:T03392,PMID:25237024
1318,gn:T03393,PMID:25237024
1319,gn:T03394,PMID:25103761
1320,gn:T03395,PMID:25301650
1321,gn:T03396,PMID:25780506
1322,gn:T03397,PMID:25523312
1323,gn:T03398,PMID:26580858
1324,gn:T03399,PMID:26594308
1325,gn:T03400,PMID:25614561
1326,gn:T03401,PMID:25614561
1327,gn:T03402,PMID:25614561
1328,gn:T03403,PMID:25428973
1329,gn:T03404,PMID:25712926
1330,gn:T03405,PMID:25712926
1331,gn:T03406,PMID:25428977
1332,gn:T03408,PMID:25767241
1333,gn:T03409,PMID:25657281
1334,gn:T03410,
1335,gn:T03411,PMID:26903988
1336,gn:T03412,
1337,gn:T03413,
1338,gn:T03414,
1339,gn:T03415,PMID:25523769
1340,gn:T03416,
1341,gn:T03417,PMID:25301660
1342,gn:T03418,PMID:25291761
1343,gn:T03419,PMID:25267672
1344,gn:T03420,
1345,gn:T03421,PMID:25288278
1346,gn:T03422,PMID:25414490
1347,gn:T03423,
1348,gn:T03424,
1349,gn:T03425,PMID:25075225
1350,gn:T03426,PMID:25342680
1351,gn:T03427,PMID:25342680
1352,gn:T03428,PMID:25676747
1353,gn:T03429,PMID:25444876
1354,gn:T03432,PMID:25657281
1355,gn:T03433,PMID:25657281
1356,gn:T03434,PMID:25088811
1357,gn:T03435,
1358,gn:T03436,
1359,gn:T03437,PMID:25278529
1360,gn:T03438,PMID:24812217
1361,gn:T03439,PMID:24948765
1362,gn:T03440,PMID:24798270
1363,gn:T03441,PMID:25337710
1364,gn:T03442,PMID:24994804
1365,gn:T03443,PMID:24994804
1366,gn:T03444,PMID:25523764
1367,gn:T03445,PMID:25523763
1368,gn:T03446,PMID:23149293
1369,gn:T03447,PMID:22801500
1370,gn:T03448,PMID:25315136
1371,gn:T03449,PMID:21873998
1372,gn:T03450,PMID:21829347
1373,gn:T03451,PMID:21750257
1374,gn:T03452,PMID:25523785
1375,gn:T03453,PMID:25853650
1376,gn:T03454,PMID:25540346
1377,gn:T03455,PMID:22463738
1378,gn:T03456,PMID:23028337
1379,gn:T03457,PMID:24034603
1380,gn:T03458,PMID:22802648
1381,gn:T03459,PMID:16946064
1382,gn:T03460,PMID:22951932
1383,gn:T03461,PMID:25237024
1384,gn:T03462,PMID:25237024
1385,gn:T03464,PMID:25232178
1386,gn:T03465,PMID:25232178
1387,gn:T03466,PMID:25232178
1388,gn:T03467,PMID:25232178
1389,gn:T03468,PMID:25232178
1390,gn:T03470,
1391,gn:T03471,PMID:25232178
1392,gn:T03472,PMID:25414498
1393,gn:T03473,
1394,gn:T03474,PMID:25237024
1395,gn:T03475,PMID:25301645
1396,gn:T03476,PMID:25931592
1397,gn:T03477,
1398,gn:T03478,
1399,gn:T03479,PMID:25477407
1400,gn:T03480,PMID:25414513
1401,gn:T03481,PMID:25242662
1402,gn:T03482,PMID:25189581
1403,gn:T03483,PMID:25189581
1404,gn:T03484,PMID:25189581
1405,gn:T03485,PMID:25477405
1406,gn:T03486,PMID:25232178
1407,gn:T03487,
1408,gn:T03488,PMID:25414490
1409,gn:T03489,PMID:25414490
1410,gn:T03490,PMID:25414490
1411,gn:T03491,PMID:24723721
1412,gn:T03492,
1413,gn:T03493,PMID:24719441
1414,gn:T03494,
1415,gn:T03495,
1416,gn:T03496,PMID:25614572
1417,gn:T03497,PMID:25523774
1418,gn:T03498,PMID:25676747
1419,gn:T03500,PMID:26621080
1420,gn:T03501,PMID:26203343
1421,gn:T03502,PMID:25535390
1422,gn:T03503,PMID:24994794
1423,gn:T03504,PMID:24994794
1424,gn:T03505,
1425,gn:T03506,PMID:25489752
1426,gn:T03507,PMID:25416759
1427,gn:T03508,
1428,gn:T03509,PMID:25700406
1429,gn:T03510,
1430,gn:T03511,
1431,gn:T03512,PMID:25573943
1432,gn:T03513,PMID:25593253
1433,gn:T03514,PMID:25232178
1434,gn:T03516,
1435,gn:T03517,
1436,gn:T03518,PMID:25540350
1437,gn:T03519,PMID:25728466
1438,gn:T03520,PMID:25835951
1439,gn:T03521,PMID:25745004
1440,gn:T03522,PMID:25414490
1441,gn:T03523,PMID:25414490
1442,gn:T03524,PMID:25414490
1443,gn:T03525,PMID:25527542
1444,gn:T03526,
1445,gn:T03527,PMID:25792039
1446,gn:T03528,PMID:25573942
1447,gn:T03529,PMID:25614573
1448,gn:T03530,PMID:25614565
1449,gn:T03531,PMID:26203334
1450,gn:T03533,PMID:25618142
1451,gn:T03536,PMID:25635014
1452,gn:T03537,PMID:25587132
1453,gn:T03538,PMID:25767245
1454,gn:T03539,
1455,gn:T03540,PMID:25501486
1456,gn:T03541,PMID:25814605
1457,gn:T03542,PMID:26040579
1458,gn:T03543,PMID:25676758
1459,gn:T03544,PMID:25636910
1460,gn:T03545,PMID:26450725
1461,gn:T03546,PMID:24948738
1462,gn:T03547,PMID:24919147
1463,gn:T03547,PMID:21375742
1464,gn:T03548,PMID:24352233
1465,gn:T03549,PMID:22046142
1466,gn:T03550,PMID:25381664
1467,gn:T03551,PMID:25381664
1468,gn:T03552,PMID:25381664
1469,gn:T03553,
1470,gn:T03554,
1471,gn:T03555,PMID:25381664
1472,gn:T03556,PMID:25381664
1473,gn:T03557,PMID:25381664
1474,gn:T03558,PMID:25381664
1475,gn:T03559,PMID:25381664
1476,gn:T03560,PMID:25381664
1477,gn:T03561,PMID:19617360
1478,gn:T03562,PMID:24428166
1479,gn:T03563,PMID:25267158
1480,gn:T03564,PMID:25085493
1481,gn:T03565,PMID:24428166
1482,gn:T03566,PMID:25931193
1483,gn:T03567,PMID:26239726
1484,gn:T03568,PMID:25744992
1485,gn:T03569,PMID:26162030
1486,gn:T03570,PMID:25858153
1487,gn:T03571,PMID:25381664
1488,gn:T03572,PMID:25381664
1489,gn:T03573,PMID:27103708
1490,gn:T03574,
1491,gn:T03575,PMID:25582347
1492,gn:T03576,
1493,gn:T03577,
1494,gn:T03578,PMID:25700402
1495,gn:T03579,
1496,gn:T03580,PMID:23209202
1497,gn:T03581,
1498,gn:T03582,PMID:23545354
1499,gn:T03583,PMID:25700400
1500,gn:T03584,
1501,gn:T03585,PMID:25767222
1502,gn:T03586,PMID:25687102
1503,gn:T03587,
1504,gn:T03588,PMID:28336132
1505,gn:T03589,
1506,gn:T03590,PMID:26594306
1507,gn:T03591,PMID:25017294
1508,gn:T03592,PMID:25070509
1509,gn:T03593,PMID:24855296
1510,gn:T03594,PMID:24855296
1511,gn:T03595,
1512,gn:T03596,
1513,gn:T03597,PMID:24831136
1514,gn:T03598,PMID:25879859
1515,gn:T03599,PMID:29040502
1516,gn:T03600,PMID:25133584
1517,gn:T03601,PMID:23209221
1518,gn:T03602,PMID:25291777
1519,gn:T03603,PMID:24874677
1520,gn:T03604,PMID:24948758
1521,gn:T03605,PMID:25931590
1522,gn:T03606,PMID:25931590
1523,gn:T03607,PMID:25180586
1524,gn:T03608,PMID:25931590
1525,gn:T03609,PMID:25931590
1526,gn:T03610,PMID:25931590
1527,gn:T03611,PMID:25931590
1528,gn:T03612,
1529,gn:T03613,PMID:24695768
1530,gn:T03614,PMID:24845058
1531,gn:T03615,PMID:25278531
1532,gn:T03616,PMID:25343513
1533,gn:T03617,PMID:25931589
1534,gn:T03618,PMID:25931589
1535,gn:T03619,PMID:25931589
1536,gn:T03620,PMID:25931589
1537,gn:T03621,PMID:25931589
1538,gn:T03622,PMID:25049384
1539,gn:T03623,PMID:25323715
1540,gn:T03624,PMID:25264255
1541,gn:T03625,
1542,gn:T03626,PMID:22628497
1543,gn:T03627,PMID:24845058
1544,gn:T03628,PMID:24982177
1545,gn:T03629,PMID:25792045
1546,gn:T03630,PMID:25814602
1547,gn:T03631,PMID:26758181
1548,gn:T03632,PMID:25848987
1549,gn:T03633,
1550,gn:T03634,PMID:23474435
1551,gn:T03635,PMID:25720679
1552,gn:T03636,PMID:30870453
1553,gn:T03637,PMID:24831150
1554,gn:T03638,PMID:25540342
1555,gn:T03639,PMID:23209216
1556,gn:T03640,PMID:26061173
1557,gn:T03641,PMID:26471769
1558,gn:T03642,PMID:25977418
1559,gn:T03643,PMID:25931590
1560,gn:T03644,PMID:25931590
1561,gn:T03645,PMID:25847028
1562,gn:T03646,PMID:25701176
1563,gn:T03647,PMID:25028492
1564,gn:T03648,PMID:25028492
1565,gn:T03649,PMID:25028492
1566,gn:T03650,
1567,gn:T03651,PMID:25013143
1568,gn:T03654,PMID:25657271
1569,gn:T03655,PMID:25953192
1570,gn:T03656,PMID:26528837
1571,gn:T03657,PMID:26380645
1572,gn:T03658,PMID:25053786
1573,gn:T03659,PMID:25480749
1574,gn:T03660,PMID:25480749
1575,gn:T03661,PMID:25480749
1576,gn:T03662,PMID:25644009
1577,gn:T03663,PMID:25644009
1578,gn:T03664,
1579,gn:T03665,PMID:23035691
1580,gn:T03666,PMID:24887199
1581,gn:T03667,PMID:28751391
1582,gn:T03668,PMID:25953304
1583,gn:T03669,PMID:25708162
1584,gn:T03670,
1585,gn:T03671,PMID:24343644
1586,gn:T03672,PMID:24401857
1587,gn:T03673,PMID:24855292
1588,gn:T03674,PMID:25908134
1589,gn:T03675,PMID:25931591
1590,gn:T03676,PMID:25908137
1591,gn:T03677,PMID:25931590
1592,gn:T03678,PMID:25931590
1593,gn:T03679,PMID:25931590
1594,gn:T03680,PMID:25838470
1595,gn:T03681,PMID:25858829
1596,gn:T03682,PMID:23408178
1597,gn:T03683,PMID:25744998
1598,gn:T03684,PMID:24343644
1599,gn:T03685,PMID:25237024
1600,gn:T03686,PMID:25237024
1601,gn:T03687,
1602,gn:T03688,PMID:25848988
1603,gn:T03689,PMID:25858839
1604,gn:T03690,
1605,gn:T03692,PMID:30310166
1606,gn:T03693,PMID:30310166
1607,gn:T03694,PMID:25503461
1608,gn:T03695,PMID:25344468
1609,gn:T03696,
1610,gn:T03697,PMID:25323727
1611,gn:T03698,
1612,gn:T03699,
1613,gn:T03700,
1614,gn:T03701,PMID:25795022
1615,gn:T03702,
1616,gn:T03703,PMID:25323717
1617,gn:T03704,PMID:25323717
1618,gn:T03705,PMID:31071461
1619,gn:T03706,PMID:25232178
1620,gn:T03707,PMID:27965456
1621,gn:T03708,PMID:27965456
1622,gn:T03709,PMID:27965456
1623,gn:T03712,PMID:25931591
1624,gn:T03713,PMID:25931589
1625,gn:T03714,PMID:25931589
1626,gn:T03715,PMID:25931589
1627,gn:T03716,PMID:25931590
1628,gn:T03717,PMID:25931590
1629,gn:T03718,PMID:25931590
1630,gn:T03719,PMID:25931590
1631,gn:T03720,
1632,gn:T03721,
1633,gn:T03722,
1634,gn:T03723,PMID:24744331
1635,gn:T03724,PMID:24744331
1636,gn:T03725,PMID:24744331
1637,gn:T03726,PMID:24744331
1638,gn:T03727,PMID:24744331
1639,gn:T03728,PMID:24744331
1640,gn:T03729,PMID:24744331
1641,gn:T03730,PMID:24158624
1642,gn:T03731,PMID:24786953
1643,gn:T03732,PMID:24786953
1644,gn:T03733,PMID:25689023
1645,gn:T03734,PMID:25689023
1646,gn:T03735,PMID:25689023
1647,gn:T03736,PMID:25716826
1648,gn:T03737,PMID:25716826
1649,gn:T03738,PMID:25716826
1650,gn:T03739,PMID:24753568
1651,gn:T03740,PMID:24416416
1652,gn:T03741,PMID:25013144
1653,gn:T03742,
1654,gn:T03743,PMID:25270020
1655,gn:T03744,PMID:25657275
1656,gn:T03745,
1657,gn:T03746,
1658,gn:T03747,
1659,gn:T03748,PMID:25908146
1660,gn:T03749,PMID:25953160
1661,gn:T03750,PMID:25953160
1662,gn:T03751,PMID:25441199
1663,gn:T03752,
1664,gn:T03753,PMID:25700415
1665,gn:T03754,PMID:25700409
1666,gn:T03755,PMID:25671091
1667,gn:T03756,PMID:28831190
1668,gn:T03757,PMID:26450743
1669,gn:T03758,PMID:26528837
1670,gn:T03759,PMID:25931592
1671,gn:T03760,PMID:24786953
1672,gn:T03761,PMID:24786953
1673,gn:T03762,PMID:21914864
1674,gn:T03763,PMID:25414490
1675,gn:T03764,PMID:25931589
1676,gn:T03765,PMID:27148456
1677,gn:T03766,PMID:26452056
1678,gn:T03767,PMID:25685259
1679,gn:T03768,PMID:25679537
1680,gn:T03769,PMID:25953163
1681,gn:T03770,PMID:26059548
1682,gn:T03771,PMID:25370836
1683,gn:T03772,PMID:24553071
1684,gn:T03773,PMID:29759381
1685,gn:T03774,PMID:25678139
1686,gn:T03775,PMID:25908143
1687,gn:T03776,PMID:25931596
1688,gn:T03777,PMID:26307172
1689,gn:T03778,
1690,gn:T03779,PMID:25689023
1691,gn:T03780,PMID:25689023
1692,gn:T03781,PMID:25689023
1693,gn:T03782,
1694,gn:T03783,
1695,gn:T03784,PMID:24904010
1696,gn:T03785,
1697,gn:T03786,
1698,gn:T03787,PMID:25667007
1699,gn:T03788,PMID:25232178
1700,gn:T03789,
1701,gn:T03790,PMID:24586619
1702,gn:T03791,
1703,gn:T03792,
1704,gn:T03793,PMID:25931592
1705,gn:T03794,PMID:25931592
1706,gn:T03795,PMID:23841906
1707,gn:T03796,PMID:21478353
1708,gn:T03797,
1709,gn:T03798,PMID:25931591
1710,gn:T03799,PMID:25931592
1711,gn:T03800,PMID:25953187
1712,gn:T03801,PMID:25953177
1713,gn:T03802,PMID:25937453
1714,gn:T03803,PMID:26210291
1715,gn:T03804,PMID:24723723
1716,gn:T03805,PMID:24904010
1717,gn:T03806,
1718,gn:T03807,PMID:25242663
1719,gn:T03808,PMID:26059548
1720,gn:T03809,PMID:25370836
1721,gn:T03810,PMID:25370836
1722,gn:T03811,PMID:25700419
1723,gn:T03812,PMID:25767224
1724,gn:T03813,PMID:26404608
1725,gn:T03814,PMID:22887668
1726,gn:T03815,
1727,gn:T03816,PMID:26044425
1728,gn:T03817,PMID:25156331
1729,gn:T03818,
1730,gn:T03819,PMID:26008623
1731,gn:T03820,PMID:25931592
1732,gn:T03821,
1733,gn:T03822,
1734,gn:T03823,PMID:26969249
1735,gn:T03824,
1736,gn:T03825,PMID:25931591
1737,gn:T03826,PMID:25931592
1738,gn:T03827,PMID:25768799
1739,gn:T03828,PMID:25977434
1740,gn:T03829,PMID:25977434
1741,gn:T03830,
1742,gn:T03831,PMID:25237024
1743,gn:T03832,PMID:25931590
1744,gn:T03833,PMID:25673660
1745,gn:T03834,PMID:25887812
1746,gn:T03835,
1747,gn:T03836,PMID:25908145
1748,gn:T03837,PMID:25999579
1749,gn:T03838,
1750,gn:T03839,
1751,gn:T03840,PMID:26742625
1752,gn:T03841,PMID:26057562
1753,gn:T03842,PMID:26210289
1754,gn:T03843,
1755,gn:T03844,PMID:25942006
1756,gn:T03845,PMID:26769959
1757,gn:T03846,PMID:25931590
1758,gn:T03847,PMID:25667007
1759,gn:T03848,
1760,gn:T03849,PMID:25959170
1761,gn:T03850,
1762,gn:T03851,
1763,gn:T03852,
1764,gn:T03853,PMID:25587021
1765,gn:T03854,PMID:23281612
1766,gn:T03855,
1767,gn:T03856,PMID:25953167
1768,gn:T03857,PMID:25953167
1769,gn:T03858,PMID:24942065
1770,gn:T03859,PMID:25887950
1771,gn:T03860,PMID:26500719
1772,gn:T03861,PMID:25931592
1773,gn:T03862,PMID:25953184
1774,gn:T03863,
1775,gn:T03864,
1776,gn:T03865,
1777,gn:T03866,PMID:26021937
1778,gn:T03867,PMID:25801333
1779,gn:T03868,PMID:27148456
1780,gn:T03869,PMID:25942006
1781,gn:T03870,
1782,gn:T03871,PMID:26918760
1783,gn:T03872,PMID:25931592
1784,gn:T03873,PMID:25931589
1785,gn:T03874,PMID:25931589
1786,gn:T03875,PMID:25931589
1787,gn:T03876,PMID:26139718
1788,gn:T03877,PMID:28904743
1789,gn:T03878,
1790,gn:T03879,PMID:25125640
1791,gn:T03880,PMID:26568785
1792,gn:T03881,PMID:25931592
1793,gn:T03882,PMID:25931592
1794,gn:T03883,PMID:27030530
1795,gn:T03884,PMID:25986927
1796,gn:T03885,PMID:25858846
1797,gn:T03886,
1798,gn:T03887,PMID:28317294
1799,gn:T03888,
1800,gn:T03889,PMID:26044616
1801,gn:T03890,PMID:27974737
1802,gn:T03891,
1803,gn:T03892,
1804,gn:T03893,PMID:25931592
1805,gn:T03894,PMID:25689023
1806,gn:T03895,PMID:25798594
1807,gn:T03896,PMID:25776564
1808,gn:T03897,PMID:25953165
1809,gn:T03898,PMID:25953179
1810,gn:T03899,
1811,gn:T03900,PMID:29959252
1812,gn:T03901,PMID:26021931
1813,gn:T03902,PMID:29959252
1814,gn:T03903,PMID:28053670
1815,gn:T03904,PMID:26744183
1816,gn:T03905,PMID:25836262
1817,gn:T03906,PMID:25861561
1818,gn:T03907,PMID:25861561
1819,gn:T03908,PMID:26664656
1820,gn:T03909,PMID:25819958
1821,gn:T03910,PMID:26021927
1822,gn:T03911,PMID:26021927
1823,gn:T03912,PMID:26021927
1824,gn:T03913,
1825,gn:T03914,
1826,gn:T03915,PMID:23313953
1827,gn:T03916,PMID:21282665
1828,gn:T03917,PMID:21719571
1829,gn:T03918,PMID:29874592
1830,gn:T03919,PMID:29874592
1831,gn:T03920,PMID:33764468
1832,gn:T03921,PMID:23883927
1833,gn:T03921,PMID:22487870
1834,gn:T03922,PMID:32089986
1835,gn:T03923,PMID:26021938
1836,gn:T03924,PMID:26664700
1837,gn:T03925,PMID:26508671
1838,gn:T03926,
1839,gn:T03927,PMID:25978546
1840,gn:T03928,PMID:23932911
1841,gn:T03929,PMID:28429731
1842,gn:T03930,PMID:26142062
1843,gn:T03931,PMID:26133930
1844,gn:T03932,PMID:26133926
1845,gn:T03933,
1846,gn:T03934,PMID:26210290
1847,gn:T03935,PMID:27358428
1848,gn:T03936,PMID:27045036
1849,gn:T03937,PMID:25614574
1850,gn:T03938,PMID:26452554
1851,gn:T03939,PMID:26457129
1852,gn:T03940,PMID:26634017
1853,gn:T03941,PMID:26358597
1854,gn:T03942,PMID:26769932
1855,gn:T03943,PMID:26089430
1856,gn:T03944,PMID:26415660
1857,gn:T03945,
1858,gn:T03946,PMID:26112786
1859,gn:T03947,PMID:26603120
1860,gn:T03948,PMID:28379546
1861,gn:T03949,PMID:28074121
1862,gn:T03950,
1863,gn:T03951,
1864,gn:T03952,PMID:26159528
1865,gn:T03953,PMID:26184931
1866,gn:T03954,PMID:26209507
1867,gn:T03955,PMID:26294641
1868,gn:T03956,PMID:26227591
1869,gn:T03957,PMID:26227590
1870,gn:T03958,PMID:23908282
1871,gn:T03959,PMID:27080450
1872,gn:T03960,PMID:26184940
1873,gn:T03961,PMID:26729225
1874,gn:T03962,PMID:26150017
1875,gn:T03963,
1876,gn:T03964,
1877,gn:T03965,PMID:26184928
1878,gn:T03966,PMID:26913091
1879,gn:T03967,PMID:26067963
1880,gn:T03968,PMID:26319318
1881,gn:T03969,PMID:26769582
1882,gn:T03970,PMID:26441910
1883,gn:T03971,PMID:26184942
1884,gn:T03972,
1885,gn:T03973,PMID:26254485
1886,gn:T03974,PMID:26254485
1887,gn:T03975,PMID:25858848
1888,gn:T03976,PMID:26376472
1889,gn:T03977,PMID:25977411
1890,gn:T03978,PMID:25977413
1891,gn:T03979,PMID:26193629
1892,gn:T03980,PMID:26908308
1893,gn:T03981,PMID:26079637
1894,gn:T03982,PMID:26141111
1895,gn:T03983,PMID:26248285
1896,gn:T03984,PMID:27559429
1897,gn:T03985,PMID:25070509
1898,gn:T03986,PMID:24482506
1899,gn:T03987,PMID:24526628
1900,gn:T03988,
1901,gn:T03989,PMID:31437279
1902,gn:T03989,PMID:16500120
1903,gn:T03990,PMID:32059542
1904,gn:T03991,PMID:26205870
1905,gn:T03992,
1906,gn:T03993,
1907,gn:T03994,PMID:26383649
1908,gn:T03995,
1909,gn:T03996,PMID:32945891
1910,gn:T03997,PMID:26220886
1911,gn:T03998,PMID:26025560
1912,gn:T03999,PMID:26038504
1913,gn:T04000,PMID:26297905
1914,gn:T04001,PMID:26358607
1915,gn:T04002,PMID:26253961
1916,gn:T04003,PMID:26337876
1917,gn:T04004,PMID:26316634
1918,gn:T04005,PMID:26337892
1919,gn:T04006,PMID:26337878
1920,gn:T04007,PMID:26853478
1921,gn:T04008,PMID:26278197
1922,gn:T04009,PMID:23990577
1923,gn:T04010,PMID:26773087
1924,gn:T04011,PMID:26411640
1925,gn:T04012,PMID:26358596
1926,gn:T04013,PMID:26092468
1927,gn:T04014,
1928,gn:T04015,PMID:25945739
1929,gn:T04016,
1930,gn:T04017,
1931,gn:T04018,PMID:26391740
1932,gn:T04019,PMID:26259823
1933,gn:T04020,PMID:26383656
1934,gn:T04021,PMID:26543122
1935,gn:T04022,
1936,gn:T04023,
1937,gn:T04024,PMID:26303235
1938,gn:T04025,PMID:26299206
1939,gn:T04026,PMID:26916415
1940,gn:T04027,
1941,gn:T04028,PMID:23877221
1942,gn:T04029,PMID:27610212
1943,gn:T04030,PMID:26376471
1944,gn:T04031,
1945,gn:T04032,
1946,gn:T04033,
1947,gn:T04034,PMID:26586899
1948,gn:T04035,
1949,gn:T04036,PMID:26404606
1950,gn:T04037,PMID:26823957
1951,gn:T04038,
1952,gn:T04039,PMID:26514770
1953,gn:T04040,PMID:26712476
1954,gn:T04041,PMID:26305944
1955,gn:T04042,
1956,gn:T04043,
1957,gn:T04044,
1958,gn:T04045,PMID:26472837
1959,gn:T04046,PMID:26521698
1960,gn:T04047,PMID:26430038
1961,gn:T04048,PMID:26603119
1962,gn:T04049,PMID:27445996
1963,gn:T04050,PMID:26301592
1964,gn:T04051,PMID:26438860
1965,gn:T04052,PMID:26404584
1966,gn:T04053,
1967,gn:T04054,PMID:26438860
1968,gn:T04055,PMID:26410452
1969,gn:T04056,PMID:26494665
1970,gn:T04057,PMID:26432337
1971,gn:T04058,
1972,gn:T04059,PMID:27296936
1973,gn:T04060,PMID:27013041
1974,gn:T04061,PMID:27013041
1975,gn:T04062,PMID:27013041
1976,gn:T04063,PMID:27013041
1977,gn:T04064,
1978,gn:T04065,PMID:26494757
1979,gn:T04066,PMID:26494757
1980,gn:T04067,PMID:27013041
1981,gn:T04068,
1982,gn:T04069,PMID:26472829
1983,gn:T04070,PMID:26655255
1984,gn:T04071,PMID:26494659
1985,gn:T04072,PMID:27445379
1986,gn:T04073,PMID:26376468
1987,gn:T04074,PMID:26376470
1988,gn:T04075,PMID:26988394
1989,gn:T04076,
1990,gn:T04077,PMID:26900859
1991,gn:T04078,PMID:26769946
1992,gn:T04079,PMID:26494660
1993,gn:T04080,PMID:26659691
1994,gn:T04081,PMID:26876481
1995,gn:T04082,PMID:26438860
1996,gn:T04083,
1997,gn:T04084,PMID:26494686
1998,gn:T04085,PMID:26415659
1999,gn:T04086,PMID:26543106
2000,gn:T04087,
2001,gn:T04088,PMID:26516119
2002,gn:T04089,
2003,gn:T04090,PMID:26659680
2004,gn:T04091,PMID:26744373
2005,gn:T04092,PMID:21478355
2006,gn:T04093,
2007,gn:T04094,PMID:26543118
2008,gn:T04095,PMID:28904741
2009,gn:T04096,
2010,gn:T04097,PMID:29068282
2011,gn:T04098,PMID:26689483
2012,gn:T04099,PMID:26598420
2013,gn:T04100,PMID:26969704
2014,gn:T04101,PMID:26750121
2015,gn:T04102,PMID:26659673
2016,gn:T04103,PMID:26620413
2017,gn:T04104,PMID:26634754
2018,gn:T04105,PMID:26507234
2019,gn:T04106,
2020,gn:T04107,PMID:26659678
2021,gn:T04108,PMID:26362082
2022,gn:T04109,
2023,gn:T04110,PMID:26750121
2024,gn:T04111,PMID:26578674
2025,gn:T04112,PMID:27114887
2026,gn:T04113,PMID:26430127
2027,gn:T04114,PMID:27260263
2028,gn:T04115,
2029,gn:T04116,PMID:26430127
2030,gn:T04117,PMID:26465632
2031,gn:T04118,
2032,gn:T04119,
2033,gn:T04120,
2034,gn:T04121,
2035,gn:T04122,PMID:26656222
2036,gn:T04123,PMID:26580012
2037,gn:T04124,PMID:24916971
2038,gn:T04125,PMID:23983221
2039,gn:T04126,PMID:25384727
2040,gn:T04127,PMID:26268193
2041,gn:T04128,
2042,gn:T04129,PMID:22922876
2043,gn:T04130,PMID:25064008
2044,gn:T04131,PMID:23663246
2045,gn:T04131,PMID:27444405
2046,gn:T04132,PMID:25012212
2047,gn:T04133,PMID:23889909
2048,gn:T04134,PMID:21368207
2049,gn:T04135,PMID:24576357
2050,gn:T04136,PMID:23419129
2051,gn:T04137,PMID:23785293
2052,gn:T04138,PMID:26358298
2053,gn:T04139,PMID:25943361
2054,gn:T04140,
2055,gn:T04141,PMID:24558235
2056,gn:T04142,PMID:25931605
2057,gn:T04143,PMID:25931606
2058,gn:T04145,PMID:26823585
2059,gn:T04146,
2060,gn:T04147,PMID:26844018
2061,gn:T04148,
2062,gn:T04149,PMID:21737395
2063,gn:T04150,PMID:26743010
2064,gn:T04151,PMID:26574009
2065,gn:T04152,PMID:26679585
2066,gn:T04153,PMID:27013039
2067,gn:T04154,PMID:26597042
2068,gn:T04155,PMID:26606420
2069,gn:T04156,PMID:26853479
2070,gn:T04157,PMID:26656226
2071,gn:T04158,
2072,gn:T04159,
2073,gn:T04160,PMID:26718562
2074,gn:T04161,PMID:26534993
2075,gn:T04162,PMID:26597042
2076,gn:T04163,PMID:26597042
2077,gn:T04164,PMID:26732413
2078,gn:T04165,PMID:26654937
2079,gn:T04166,PMID:26784990
2080,gn:T04167,PMID:26868401
2081,gn:T04168,PMID:25953174
2082,gn:T04169,PMID:26610024
2083,gn:T04170,PMID:26656223
2084,gn:T04171,PMID:26957484
2085,gn:T04172,PMID:27943642
2086,gn:T04173,
2087,gn:T04174,PMID:26779178
2088,gn:T04175,
2089,gn:T04176,PMID:25883285
2090,gn:T04177,PMID:25496595
2091,gn:T04178,PMID:26462992
2092,gn:T04179,PMID:26970053
2093,gn:T04180,PMID:26722011
2094,gn:T04181,PMID:26764021
2095,gn:T04182,PMID:26620920
2096,gn:T04183,
2097,gn:T04184,
2098,gn:T04185,PMID:27700018
2099,gn:T04186,PMID:26798095
2100,gn:T04187,PMID:26699229
2101,gn:T04188,PMID:26966201
2102,gn:T04189,
2103,gn:T04190,PMID:27796642
2104,gn:T04191,PMID:25580993
2105,gn:T04192,PMID:29420286
2106,gn:T04193,
2107,gn:T04194,PMID:28831561
2108,gn:T04195,PMID:26784989
2109,gn:T04196,
2110,gn:T04197,
2111,gn:T04198,
2112,gn:T04199,PMID:26988037
2113,gn:T04200,PMID:27117861
2114,gn:T04201,PMID:26808870
2115,gn:T04202,PMID:26628271
2116,gn:T04203,PMID:27536339
2117,gn:T04204,PMID:26806488
2118,gn:T04205,
2119,gn:T04206,PMID:26795688
2120,gn:T04207,PMID:26943621
2121,gn:T04208,PMID:26893432
2122,gn:T04209,PMID:22815456
2123,gn:T04210,PMID:27245144
2124,gn:T04211,PMID:27002232
2125,gn:T04212,
2126,gn:T04213,PMID:27106695
2127,gn:T04214,
2128,gn:T04215,PMID:26421103
2129,gn:T04216,PMID:26142061
2130,gn:T04217,PMID:27217361
2131,gn:T04218,PMID:27979941
2132,gn:T04219,PMID:26868401
2133,gn:T04220,PMID:26849967
2134,gn:T04221,PMID:24324632
2135,gn:T04222,PMID:25858847
2136,gn:T04223,PMID:25883283
2137,gn:T04224,PMID:26842785
2138,gn:T04225,PMID:27300277
2139,gn:T04226,
2140,gn:T04227,
2141,gn:T04228,
2142,gn:T04229,
2143,gn:T04230,PMID:27445381
2144,gn:T04231,PMID:27795283
2145,gn:T04232,
2146,gn:T04233,PMID:26200832
2147,gn:T04234,PMID:26535611
2148,gn:T04235,PMID:28078050
2149,gn:T04236,PMID:27103725
2150,gn:T04237,
2151,gn:T04238,
2152,gn:T04239,
2153,gn:T04240,PMID:27165503
2154,gn:T04241,PMID:26067962
2155,gn:T04242,
2156,gn:T04243,PMID:26853476
2157,gn:T04244,
2158,gn:T04245,PMID:27199905
2159,gn:T04246,PMID:26851387
2160,gn:T04247,PMID:27046067
2161,gn:T04248,PMID:27660670
2162,gn:T04249,
2163,gn:T04250,
2164,gn:T04251,PMID:29176306
2165,gn:T04252,PMID:26854947
2166,gn:T04253,PMID:27103727
2167,gn:T04254,PMID:27013036
2168,gn:T04255,PMID:27378076
2169,gn:T04256,
2170,gn:T04257,PMID:26928956
2171,gn:T04258,PMID:26813696
2172,gn:T04259,PMID:26953742
2173,gn:T04260,
2174,gn:T04261,PMID:27182430
2175,gn:T04262,PMID:27103727
2176,gn:T04263,PMID:26924239
2177,gn:T04264,PMID:26924237
2178,gn:T04265,
2179,gn:T04266,
2180,gn:T04267,
2181,gn:T04268,PMID:26877770
2182,gn:T04269,
2183,gn:T04270,PMID:27103727
2184,gn:T04271,PMID:30610900
2185,gn:T04272,PMID:27602181
2186,gn:T04273,PMID:26988045
2187,gn:T04274,PMID:28798737
2188,gn:T04275,PMID:26953741
2189,gn:T04276,PMID:24461712
2190,gn:T04277,
2191,gn:T04278,PMID:27625640
2192,gn:T04279,
2193,gn:T04280,
2194,gn:T04281,PMID:27034023
2195,gn:T04282,PMID:27677407
2196,gn:T04283,PMID:26988053
2197,gn:T04284,PMID:27103727
2198,gn:T04285,PMID:26988396
2199,gn:T04286,
2200,gn:T04287,
2201,gn:T04288,
2202,gn:T04289,
2203,gn:T04290,
2204,gn:T04291,PMID:26704977
2205,gn:T04292,PMID:26988058
2206,gn:T04293,
2207,gn:T04294,
2208,gn:T04295,PMID:27174270
2209,gn:T04296,
2210,gn:T04297,PMID:23557672
2211,gn:T04297,PMID:11736810
2212,gn:T04298,PMID:26201466
2213,gn:T04299,PMID:26598231
2214,gn:T04300,PMID:26901068
2215,gn:T04301,PMID:26901068
2216,gn:T04302,
2217,gn:T04303,
2218,gn:T04304,
2219,gn:T04305,PMID:26941228
2220,gn:T04306,PMID:26704531
2221,gn:T04307,PMID:27284143
2222,gn:T04308,PMID:27340060
2223,gn:T04309,PMID:27491981
2224,gn:T04310,
2225,gn:T04311,PMID:25858842
2226,gn:T04312,PMID:27015978
2227,gn:T04313,
2228,gn:T04314,PMID:27777650
2229,gn:T04315,PMID:27034022
2230,gn:T04316,
2231,gn:T04317,PMID:27080446
2232,gn:T04318,
2233,gn:T04319,PMID:28428780
2234,gn:T04320,PMID:27445386
2235,gn:T04321,PMID:27028007
2236,gn:T04322,
2237,gn:T04323,PMID:28465208
2238,gn:T04324,
2239,gn:T04325,PMID:27034019
2240,gn:T04326,
2241,gn:T04327,PMID:27015981
2242,gn:T04328,PMID:27284129
2243,gn:T04329,
2244,gn:T04330,PMID:27435301
2245,gn:T04331,PMID:27302759
2246,gn:T04332,PMID:26988395
2247,gn:T04333,
2248,gn:T04334,PMID:27174266
2249,gn:T04335,PMID:27080447
2250,gn:T04336,PMID:28127419
2251,gn:T04337,PMID:27162150
2252,gn:T04338,PMID:28127419
2253,gn:T04339,
2254,gn:T04340,
2255,gn:T04341,PMID:27015980
2256,gn:T04342,PMID:28127419
2257,gn:T04343,PMID:27932655
2258,gn:T04344,PMID:22118469
2259,gn:T04345,PMID:28130360
2260,gn:T04346,PMID:15496914
2261,gn:T04347,PMID:21292972
2262,gn:T04347,PMID:10375625
2263,gn:T04348,PMID:18511435
2264,gn:T04349,PMID:23850284
2265,gn:T04350,
2266,gn:T04351,
2267,gn:T04352,PMID:21785439
2268,gn:T04353,
2269,gn:T04354,
2270,gn:T04355,PMID:27563039
2271,gn:T04356,
2272,gn:T04357,PMID:26747442
2273,gn:T04358,
2274,gn:T04359,
2275,gn:T04360,
2276,gn:T04361,PMID:26377836
2277,gn:T04362,PMID:25908251
2278,gn:T04363,PMID:27088604
2279,gn:T04364,PMID:25908251
2280,gn:T04365,PMID:27189596
2281,gn:T04366,
2282,gn:T04367,
2283,gn:T04368,
2284,gn:T04369,PMID:27231360
2285,gn:T04370,
2286,gn:T04371,PMID:26597042
2287,gn:T04372,PMID:26847793
2288,gn:T04373,PMID:25126841
2289,gn:T04374,PMID:27738045
2290,gn:T04375,PMID:24903872
2291,gn:T04376,PMID:27063139
2292,gn:T04377,
2293,gn:T04378,PMID:27660796
2294,gn:T04379,
2295,gn:T04380,
2296,gn:T04381,
2297,gn:T04382,
2298,gn:T04383,PMID:27056230
2299,gn:T04384,
2300,gn:T04385,PMID:27056228
2301,gn:T04386,PMID:26879123
2302,gn:T04387,PMID:27693267
2303,gn:T04388,PMID:28811754
2304,gn:T04389,PMID:27231369
2305,gn:T04390,PMID:31560973
2306,gn:T04391,PMID:27634996
2307,gn:T04392,
2308,gn:T04393,PMID:27157698
2309,gn:T04394,PMID:27231379
2310,gn:T04395,
2311,gn:T04397,PMID:16682297
2312,gn:T04398,PMID:29303694
2313,gn:T04399,PMID:27257213
2314,gn:T04400,
2315,gn:T04401,
2316,gn:T04402,
2317,gn:T04403,
2318,gn:T04404,PMID:27056223
2319,gn:T04405,PMID:26911736
2320,gn:T04406,
2321,gn:T04407,PMID:26769366
2322,gn:T04408,PMID:28689013
2323,gn:T04409,PMID:30349619
2324,gn:T04410,PMID:27942352
2325,gn:T04411,PMID:26879123
2326,gn:T04412,PMID:27184431
2327,gn:T04413,PMID:28074120
2328,gn:T04414,PMID:26122045
2329,gn:T04415,
2330,gn:T04416,PMID:28496940
2331,gn:T04417,PMID:27125482
2332,gn:T04418,
2333,gn:T04419,
2334,gn:T04420,
2335,gn:T04421,PMID:27959786
2336,gn:T04422,PMID:27587815
2337,gn:T04423,PMID:27893193
2338,gn:T04424,PMID:27811102
2339,gn:T04425,
2340,gn:T04426,
2341,gn:T04427,
2342,gn:T04428,
2343,gn:T04429,PMID:27634994
2344,gn:T04430,PMID:27634994
2345,gn:T04431,PMID:28770029
2346,gn:T04432,
2347,gn:T04433,PMID:28428833
2348,gn:T04434,PMID:27722089
2349,gn:T04435,PMID:27587812
2350,gn:T04436,PMID:27932275
2351,gn:T04437,PMID:27634994
2352,gn:T04438,PMID:27634994
2353,gn:T04439,PMID:27634994
2354,gn:T04440,PMID:27688316
2355,gn:T04441,
2356,gn:T04442,
2357,gn:T04443,PMID:28138356
2358,gn:T04444,
2359,gn:T04445,
2360,gn:T04446,PMID:30250634
2361,gn:T04447,
2362,gn:T04448,
2363,gn:T04449,PMID:27811091
2364,gn:T04450,
2365,gn:T04451,
2366,gn:T04452,PMID:27902921
2367,gn:T04453,
2368,gn:T04454,PMID:27795254
2369,gn:T04455,PMID:27811091
2370,gn:T04456,
2371,gn:T04457,
2372,gn:T04458,PMID:27634994
2373,gn:T04459,
2374,gn:T04460,
2375,gn:T04461,
2376,gn:T04462,
2377,gn:T04463,
2378,gn:T04464,
2379,gn:T04465,PMID:30061707
2380,gn:T04467,
2381,gn:T04468,
2382,gn:T04469,PMID:28770030
2383,gn:T04471,PMID:27540070
2384,gn:T04472,PMID:28031775
2385,gn:T04473,
2386,gn:T04474,
2387,gn:T04475,PMID:28648395
2388,gn:T04476,PMID:26467717
2389,gn:T04477,PMID:27013048
2390,gn:T04478,PMID:29655875
2391,gn:T04479,PMID:27417841
2392,gn:T04480,PMID:27573819
2393,gn:T04481,PMID:27811091
2394,gn:T04482,PMID:30061707
2395,gn:T04483,
2396,gn:T04484,PMID:27573819
2397,gn:T04485,PMID:29519840
2398,gn:T04486,
2399,gn:T04487,PMID:26067967
2400,gn:T04488,
2401,gn:T04489,
2402,gn:T04490,PMID:27851894
2403,gn:T04491,PMID:22887664
2404,gn:T04492,PMID:28619803
2405,gn:T04493,PMID:29721834
2406,gn:T04494,
2407,gn:T04495,PMID:28986293
2408,gn:T04496,PMID:27979948
2409,gn:T04497,PMID:31935176
2410,gn:T04498,PMID:26914534
2411,gn:T04499,PMID:28265051
2412,gn:T04500,PMID:29079625
2413,gn:T04501,
2414,gn:T04502,PMID:27573819
2415,gn:T04503,PMID:28216101
2416,gn:T04504,PMID:27902220
2417,gn:T04505,PMID:28901906
2418,gn:T04506,
2419,gn:T04507,PMID:29167262
2420,gn:T04508,PMID:28183769
2421,gn:T04509,
2422,gn:T04510,
2423,gn:T04511,
2424,gn:T04512,
2425,gn:T04513,PMID:27692046
2426,gn:T04514,
2427,gn:T04515,
2428,gn:T04516,PMID:27965637
2429,gn:T04517,PMID:28106880
2430,gn:T04518,PMID:26021934
2431,gn:T04519,
2432,gn:T04520,PMID:26358596
2433,gn:T04521,
2434,gn:T04522,
2435,gn:T04523,
2436,gn:T04524,
2437,gn:T04525,PMID:26142063
2438,gn:T04526,PMID:26597042
2439,gn:T04527,PMID:28396658
2440,gn:T04528,PMID:27103727
2441,gn:T04529,PMID:27080448
2442,gn:T04530,PMID:23924784
2443,gn:T04531,PMID:26988057
2444,gn:T04532,
2445,gn:T04533,
2446,gn:T04534,
2447,gn:T04535,PMID:27692046
2448,gn:T04536,PMID:27016195
2449,gn:T04537,
2450,gn:T04538,
2451,gn:T04539,
2452,gn:T04540,PMID:26430127
2453,gn:T04541,PMID:30351263
2454,gn:T04542,PMID:29225728
2455,gn:T04543,PMID:28174040
2456,gn:T04544,PMID:26260652
2457,gn:T04545,PMID:27189983
2458,gn:T04546,PMID:24137540
2459,gn:T04547,PMID:27716345
2460,gn:T04548,
2461,gn:T04549,PMID:28265262
2462,gn:T04550,PMID:28106880
2463,gn:T04551,PMID:28057747
2464,gn:T04552,PMID:31893298
2465,gn:T04553,
2466,gn:T04554,PMID:33250126
2467,gn:T04555,PMID:32299880
2468,gn:T04556,
2469,gn:T04557,
2470,gn:T04558,PMID:27834698
2471,gn:T04559,
2472,gn:T04560,PMID:28905698
2473,gn:T04561,
2474,gn:T04562,PMID:27872813
2475,gn:T04563,PMID:28123952
2476,gn:T04564,PMID:27659506
2477,gn:T04565,PMID:28829025
2478,gn:T04566,
2479,gn:T04567,PMID:28243229
2480,gn:T04568,PMID:27846794
2481,gn:T04569,
2482,gn:T04570,
2483,gn:T04571,PMID:28104655
2484,gn:T04572,PMID:28209822
2485,gn:T04573,PMID:28209827
2486,gn:T04574,PMID:27081148
2487,gn:T04575,PMID:29458480
2488,gn:T04576,PMID:22815440
2489,gn:T04577,PMID:27695447
2490,gn:T04578,PMID:28126942
2491,gn:T04579,PMID:32170407
2492,gn:T04580,PMID:24821787
2493,gn:T04582,PMID:30543508
2494,gn:T04583,PMID:28610831
2495,gn:T04584,PMID:28254991
2496,gn:T04585,PMID:28183759
2497,gn:T04586,PMID:29851376
2498,gn:T04587,PMID:31861790
2499,gn:T04588,PMID:29521615
2500,gn:T04589,
2501,gn:T04590,
2502,gn:T04591,PMID:27738041
2503,gn:T04592,PMID:27738041
2504,gn:T04593,
2505,gn:T04594,PMID:28183760
2506,gn:T04595,PMID:28699865
2507,gn:T04596,
2508,gn:T04597,PMID:28811216
2509,gn:T04598,PMID:28065880
2510,gn:T04599,PMID:30117297
2511,gn:T04600,PMID:28174620
2512,gn:T04601,PMID:28935746
2513,gn:T04602,PMID:31460859
2514,gn:T04603,PMID:28853693
2515,gn:T04604,PMID:22843598
2516,gn:T04605,
2517,gn:T04606,PMID:26418631
2518,gn:T04607,PMID:27634994
2519,gn:T04608,PMID:27765661
2520,gn:T04609,PMID:27902216
2521,gn:T04610,
2522,gn:T04612,
2523,gn:T04613,PMID:34511070
2524,gn:T04614,
2525,gn:T04615,
2526,gn:T04616,
2527,gn:T04617,PMID:28261177
2528,gn:T04618,PMID:32209379
2529,gn:T04619,PMID:28770445
2530,gn:T04620,PMID:27795290
2531,gn:T04621,PMID:27601031
2532,gn:T04622,PMID:28360896
2533,gn:T04623,
2534,gn:T04625,
2535,gn:T04626,
2536,gn:T04627,PMID:26659674
2537,gn:T04628,PMID:28428304
2538,gn:T04629,
2539,gn:T04630,PMID:27979933
2540,gn:T04631,
2541,gn:T04632,PMID:28274098
2542,gn:T04633,
2543,gn:T04634,PMID:26847886
2544,gn:T04635,PMID:28729281
2545,gn:T04636,PMID:30962569
2546,gn:T04637,PMID:28300228
2547,gn:T04638,PMID:28209813
2548,gn:T04639,PMID:28770445
2549,gn:T04640,PMID:28261179
2550,gn:T04641,PMID:27399969
2551,gn:T04642,PMID:30972949
2552,gn:T04643,PMID:24807620
2553,gn:T04643,PMID:16453699
2554,gn:T04643,PMID:15583938
2555,gn:T04644,PMID:24828444
2556,gn:T04645,PMID:33293529
2557,gn:T04646,PMID:24591624
2558,gn:T04647,
2559,gn:T04648,PMID:29057223
2560,gn:T04649,PMID:27653556
2561,gn:T04650,
2562,gn:T04651,PMID:27417840
2563,gn:T04652,
2564,gn:T04653,
2565,gn:T04654,PMID:28126048
2566,gn:T04655,
2567,gn:T04656,PMID:27762339
2568,gn:T04657,PMID:15302412
2569,gn:T04658,PMID:27249958
2570,gn:T04658,PMID:14631650
2571,gn:T04659,PMID:25835551
2572,gn:T04659,PMID:19100818
2573,gn:T04660,PMID:26460024
2574,gn:T04660,PMID:23853512
2575,gn:T04661,PMID:27803123
2576,gn:T04661,PMID:22515210
2577,gn:T04662,PMID:23537068
2578,gn:T04662,PMID:24438258
2579,gn:T04663,PMID:27824041
2580,gn:T04664,PMID:27557478
2581,gn:T04665,PMID:27284158
